book_id,isbn,title,author_id,type
4026,978-1-00-190110-7,An Take Often,157,book
8236,978-0-595-77316-9,The Hundred Stuff Book 4,845,audiobook
2344,978-1-4664-6164-2,An Region Effort Book 5,5499,book
7589,978-1-65530-412-5,The Have Easy Book 4,4905,audiobook
8217,978-0-8280-6826-0,An Local Bag Book 5,2236,book
6517,978-1-78914-826-8,An Visit Fill Book 3,5517,audiobook
758,978-1-4724-2177-7,A Sport Their,5499,book
8112,978-1-9751-9253-2,A Travel Leader,9831,book
1211,978-0-459-05129-7,A Safe Mind,8748,book
1763,978-0-616-84013-9,A Education Action Book 3,5499,book
3726,978-1-4934-9893-2,An Share Agreement Book 2,3429,book
7886,978-1-4453-3483-7,The Quite Miss Book 5,2973,book
8102,978-1-59605-043-3,An Tell Close,4905,book
9588,978-0-410-93711-0,An Last Reduce,157,book
2178,978-1-5294-7495-4,The Company Another,9831,audiobook
6404,978-0-7807-2893-6,An Into Speech Book 5,4782,audiobook
7106,978-1-75676-079-0,The Ready Least Book 5,4769,audiobook
2086,978-0-218-87516-4,The Level Turn,3429,audiobook
3291,978-1-83248-637-8,The Movie Writer Book 2,4782,book
2313,978-0-286-52287-8,The General Hit,1403,book
2035,978-0-938643-37-1,An Her Popular,4769,audiobook
6980,978-0-8111-9337-5,An Industry Kind,4782,audiobook
716,978-0-244-81531-8,An Individual Position Book 3,1403,book
2865,978-1-373-82864-4,The Image Republican,4782,audiobook
3909,978-1-193-74504-6,The Adult Actually,8748,book
314,978-0-89789-473-9,The Study Them Book 4,4905,book
632,978-0-464-05317-0,The White Behavior,2973,audiobook
5568,978-1-355-44683-5,A Relate Fight Book 5,3429,audiobook
8096,978-1-86665-490-3,A Condition Future Book 5,8748,book
8045,978-0-692-21798-6,An Condition Art Book 4,11,book
4191,978-0-466-49525-1,An Major Generation Book 3,5499,book
8513,978-1-4421-0765-6,A Read Maintain,2973,audiobook
8934,978-0-8446-7760-6,The Idea Three Book 3,8748,audiobook
1678,978-1-75143-848-9,A Professor Environmental,11,audiobook
2935,978-1-00-608279-5,An May Month,4905,audiobook
2206,978-1-149-23287-3,The Represent Page Book 4,5517,book
8716,978-1-57226-621-6,An Five Nothing,7592,book
1041,978-1-76753-287-4,An Thank Cost Book 3,80,book
7290,978-1-59784-857-2,A Myself Prepare Book 4,5517,book
8202,978-1-332-88867-2,The Quite Stay Book 2,2236,book
2328,978-0-9688465-0-6,The Whose Catch Book 2,1403,audiobook
3158,978-1-56345-781-4,The Parent Past Book 2,7592,book
9720,978-1-01-382793-8,An Anything Yourself Book 4,4905,audiobook
5309,978-1-162-10969-5,The Central Nation Book 5,2973,book
6144,978-0-584-29466-8,A Sometimes Rock Book 4,9831,book
1437,978-0-12-651692-0,A Set Today,7592,audiobook
5933,978-1-72058-739-2,An High Face,8748,book
8861,978-1-310-94956-2,An Network Bill,5499,audiobook
5426,978-1-121-35190-5,A Citizen Should,8748,audiobook
3790,978-1-64702-141-2,The It Young,4782,audiobook
